{
  "type": "minecraft:fishing",
  "pools": [
    {
      "rolls": 1.0,
      "bonus_rolls": 0.0,
      "entries": [
        {
          "type": "minecraft:loot_table",
          "weight": 75,
          "quality": -2,
          "name": "minecraft:gameplay/fishing/junk"
        },
        {
          "type": "minecraft:loot_table",
          "conditions": [
            {
              "condition": "minecraft:entity_properties",
              "predicate": {
                "fishing_hook": {
                  "in_open_water": true
                }
              },
              "entity": "this"
            }
          ],
          "weight": 25,
          "quality": 2,
          "name": "minecraft:gameplay/fishing/treasure"
        }
      ],
      "conditions": [
        {
          "condition": "minecraft:weather_check",
          "raining": false
        },
        {
          "condition": "minecraft:random_chance",
          "chance": 0.2
        }
      ]
    },
    {
      "rolls": 1.0,
      "bonus_rolls": 0.0,
      "entries": [
        {
          "type": "minecraft:loot_table",
          "weight": 60,
          "quality": -2,
          "name": "minecraft:gameplay/fishing/junk"
        },
        {
          "type": "minecraft:loot_table",
          "conditions": [
            {
              "condition": "minecraft:entity_properties",
              "predicate": {
                "fishing_hook": {
                  "in_open_water": true
                }
              },
              "entity": "this"
            }
          ],
          "weight": 40,
          "quality": 2,
          "name": "minecraft:gameplay/fishing/treasure"
        }
      ],
      "conditions": [
        {
          "condition": "minecraft:weather_check",
          "raining": true
        },
        {
          "condition": "minecraft:random_chance",
          "chance": 0.25
        }
      ]
    },
    {
      "rolls": 1.0,
      "bonus_rolls": 0.0,
      "entries": [
        {
          "type": "minecraft:loot_table",
          "weight": 95,
          "quality": -1,
          "name": "minecraft:gameplay/fishing/fish"
        },
        {
          "type": "minecraft:loot_table",
          "conditions": [
            {
              "condition": "minecraft:entity_properties",
              "predicate": {
                "fishing_hook": {
                  "in_open_water": true
                }
              },
              "entity": "this"
            }
          ],
          "weight": 5,
          "quality": 1,
          "name": "homebrew:gameplay/fishing/buckets"
        }
      ],
      "conditions": [
        {
          "condition": "minecraft:weather_check",
          "raining": false
        }
      ]
    },
    {
      "rolls": 1.0,
      "bonus_rolls": 0.0,
      "entries": [
        {
          "type": "minecraft:loot_table",
          "weight": 85,
          "quality": -1,
          "name": "minecraft:gameplay/fishing/fish"
        },
        {
          "type": "minecraft:loot_table",
          "conditions": [
            {
              "condition": "minecraft:entity_properties",
              "predicate": {
                "fishing_hook": {
                  "in_open_water": true
                }
              },
              "entity": "this"
            }
          ],
          "weight": 15,
          "quality": 1,
          "name": "homebrew:gameplay/fishing/buckets"
        }
      ],
      "conditions": [
        {
          "condition": "minecraft:weather_check",
          "raining": true
        },
        {
          "condition": "minecraft:weather_check",
          "thundering": false
        }
      ]
    },
    {
      "rolls": 1.0,
      "bonus_rolls": 0.0,
      "entries": [
        {
          "type": "minecraft:loot_table",
          "weight": 80,
          "quality": -1,
          "name": "minecraft:gameplay/fishing/fish"
        },
        {
          "type": "minecraft:loot_table",
          "conditions": [
            {
              "condition": "minecraft:entity_properties",
              "predicate": {
                "fishing_hook": {
                  "in_open_water": true
                }
              },
              "entity": "this"
            }
          ],
          "weight": 20,
          "quality": 1,
          "name": "homebrew:gameplay/fishing/buckets"
        }
      ],
      "conditions": [
        {
          "condition": "minecraft:weather_check",
          "raining": true
        },
        {
          "condition": "minecraft:weather_check",
          "thundering": true
        }
      ]
    }
  ]
}