{
  "group": "mc_homebrew",
  "type": "minecraft:crafting_shaped",
  "pattern": [
    "012",
    "345",
    "678"
  ],
  "key": {
    "0": {
      "item": "minecraft:Items.ENDER_PEARL"
    },
    "1": {
      "item": "minecraft:Blocks.END_STONE"
    },
    "2": {
      "item": "minecraft:Items.ENDER_PEARL"
    },
    "3": {
      "item": "minecraft:Blocks.END_STONE"
    },
    "4": {
      "item": "minecraft:Blocks.OBSIDIAN"
    },
    "5": {
      "item": "minecraft:Blocks.END_STONE"
    },
    "6": {
      "item": "minecraft:Items.ENDER_PEARL"
    },
    "7": {
      "item": "minecraft:Blocks.END_STONE"
    },
    "8": {
      "item": "minecraft:Items.ENDER_PEARL"
    }
  },
  "result": {
    "item": "minecraft:Blocks.END_PORTAL_FRAME",
    "count": 1
  }
}