{
  "group": "mc_homebrew",
  "type": "minecraft:crafting_shaped",
  "pattern": [
    "012",
    "345",
    "678"
  ],
  "key": {
    "0": {
      "item": "minecraft:Blocks.GOLD_BLOCK"
    },
    "1": {
      "item": "minecraft:Blocks.GOLD_BLOCK"
    },
    "2": {
      "item": "minecraft:Blocks.GOLD_BLOCK"
    },
    "3": {
      "item": "minecraft:Blocks.GOLD_BLOCK"
    },
    "4": {
      "item": "minecraft:Items.GOLDEN_APPLE"
    },
    "5": {
      "item": "minecraft:Blocks.GOLD_BLOCK"
    },
    "6": {
      "item": "minecraft:Blocks.GOLD_BLOCK"
    },
    "7": {
      "item": "minecraft:Items.DRAGON_BREATH"
    },
    "8": {
      "item": "minecraft:Blocks.GOLD_BLOCK"
    }
  },
  "result": {
    "item": "minecraft:Items.ENCHANTED_GOLDEN_APPLE",
    "count": 1
  }
}