{
  "group": "mc_homebrew",
  "type": "minecraft:crafting_shaped",
  "pattern": [
    "0  ",
    "345",
    "6 8"
  ],
  "key": {
    "0": {
      "item": "minecraft:Items.LEATHER"
    },
    "3": {
      "item": "minecraft:Items.LEATHER"
    },
    "4": {
      "item": "minecraft:Items.LEATHER"
    },
    "5": {
      "item": "minecraft:Items.LEATHER"
    },
    "6": {
      "item": "minecraft:Items.LEATHER"
    },
    "8": {
      "item": "minecraft:Items.LEATHER"
    }
  },
  "result": {
    "item": "minecraft:Items.SADDLE",
    "count": 1
  }
}