{
  "display": {
    "icon": {
      "item": "minecraft:Items.ENCHANTED_GOLDEN_APPLE"
    },
    "title": "Unbeatable Notch Status",
    "description": "Eat a Notch apple",
    "frame": "task",
    "show_toast": true,
    "announce_to_chat": true,
    "hidden": false
  },
  "criteria": {
    "notch_status": {
      "trigger": "minecraft:consume_item",
      "conditions": {
        "item": {
          "item": "minecraft:Items.ENCHANTED_GOLDEN_APPLE"
        }
      }
    }
  },
  "rewards": {
    "experience": 50
  },
  "parent": "minecraft:story/root"
}