{
  "parent": "homebrew:secrets/root",
  "display": {
    "icon": {
      "item": "minecraft:player_head",
      "nbt": "{SkullOwner:{Id:[I;-21229338,1067075492,-2093906698,1757673252],Properties:{textures:[{Value:\"eyJ0ZXh0dXJlcyI6eyJTS0lOIjp7InVybCI6Imh0dHA6Ly90ZXh0dXJlcy5taW5lY3JhZnQubmV0L3RleHR1cmUvMjkyMDA5YTQ5MjViNThmMDJjNzdkYWRjM2VjZWYwN2VhNGM3NDcyZjY0ZTBmZGMzMmNlNTUyMjQ4OTM2MjY4MCJ9fX0=\"}]}}}"
    },
    "title": "Apple of His Eye",
    "description": "Craft an Augmented Golden Apple",
    "frame": "challenge",
    "show_toast": true,
    "announce_to_chat": false,
    "hidden": true
  },
  "criteria": {
    "craft_enchanted_golden_apple": {
      "trigger": "minecraft:recipe_unlocked",
      "conditions": {
        "recipe": "homebrew:enchanted_golden_apple"
      }
    }
  },
  "requirements": [
    [
      "craft_enchanted_golden_apple"
    ]
  ],
  "rewards": {
    "experience": 10000
  }
}


