{
  "parent": "homebrew:secrets/root",
  "display": {
    "icon": {
      "item": "minecraft:player_head",
      "nbt": "{SkullOwner:{Id:[I;-793684908,922371044,-1572341630,-1147149688],Properties:{textures:[{Value:\"eyJ0ZXh0dXJlcyI6eyJTS0lOIjp7InVybCI6Imh0dHA6Ly90ZXh0dXJlcy5taW5lY3JhZnQubmV0L3RleHR1cmUvOThiN2NhM2M3ZDMxNGE2MWFiZWQ4ZmMxOGQ3OTdmYzMwYjZlZmM4NDQ1NDI1YzRlMjUwOTk3ZTUyZTZjYiJ9fX0=\"}]}}}"
    },
    "title": "Forbidden Power",
    "description": "Obtain Steve's Bat",
    "frame": "challenge",
    "show_toast": true,
    "announce_to_chat": false,
    "hidden": true
  },
  "criteria": {
    "has_steves_bat": {
      "trigger": "minecraft:inventory_changed",
      "conditions": {
        "items": [
          {
            "items": [
              "minecraft:debug_stick"
            ],
            "enchantments": [
              {
                "levels": 255
              }
            ]
          }
        ]
      }
    }
  },
  "requirements": [
    [
      "has_steves_bat"
    ]
  ],
  "rewards": {
    "experience": 10000
  }
}
