{
  "parent": "homebrew:secrets/root",
  "display": {
    "icon": {
      "item": "minecraft:player_head",
      "nbt": "{SkullOwner:{Id:[I;-125220819,-1062649828,-1210361614,842848091],Properties:{textures:[{Value:\"eyJ0ZXh0dXJlcyI6eyJTS0lOIjp7InVybCI6Imh0dHA6Ly90ZXh0dXJlcy5taW5lY3JhZnQubmV0L3RleHR1cmUvYTY2MjMzNmQ4YWUwOTI0MDdlNThmN2NjODBkMjBmMjBlNzY1MDM1N2E0NTRjZTE2ZTMzMDc2MTlhMDExMDY0OCJ9fX0=\"}]}}}"
    },
    "title": "That's Not Supposed to Happen",
    "description": "Make a Screaming Goat fall to death or suffocate",
    "frame": "challenge",
    "show_toast": true,
    "announce_to_chat": false,
    "hidden": true
  },
  "criteria": {
    "has_sculk_sensor": {
      "trigger": "minecraft:inventory_changed",
      "conditions": {
        "items": [
          {
            "items": [
              "minecraft:sculk_sensor"
            ]
          }
        ]
      }
    }
  },
  "requirements": [
    [
      "has_sculk_sensor"
    ]
  ],
  "rewards": {
    "experience": 10000
  }
}
