{
  "parent": "homebrew:secrets/root",
  "display": {
    "icon": {
      "item": "minecraft:player_head",
      "nbt": "{SkullOwner:{Id:[I;1425436543,1698189193,-1469913647,1744264643],Properties:{textures:[{Value:\"eyJ0ZXh0dXJlcyI6eyJTS0lOIjp7InVybCI6Imh0dHA6Ly90ZXh0dXJlcy5taW5lY3JhZnQubmV0L3RleHR1cmUvZWVmNjMwNjU3ZTRhMjc5YjBiN2VhMGY2NzkwNTkyMGFmMzY1ZjljODRjYTlmMzRhMzJiNTMzNDNmZjYyOTkxMCJ9fX0=\"}]}}}"
    },
    "title": "The Real Treasure",
    "description": "Catch every type of Axolotl while fishing",
    "frame": "challenge",
    "show_toast": true,
    "announce_to_chat": false,
    "hidden": true
  },
  "criteria": {
    "catch_leucistic_axolotl": {
      "trigger": "minecraft:fishing_rod_hooked",
      "conditions": {
        "item": {
          "items": [
            "minecraft:axolotl_bucket"
          ],
          "nbt": "{Variant:0}"
        }
      }
    },
    "catch_brown_axolotl": {
      "trigger": "minecraft:fishing_rod_hooked",
      "conditions": {
        "item": {
          "items": [
            "minecraft:axolotl_bucket"
          ],
          "nbt": "{Variant:1}"
        }
      }
    },
    "catch_gold_axolotl": {
      "trigger": "minecraft:fishing_rod_hooked",
      "conditions": {
        "item": {
          "items": [
            "minecraft:axolotl_bucket"
          ],
          "nbt": "{Variant:2}"
        }
      }
    },
    "catch_cyan_axolotl": {
      "trigger": "minecraft:fishing_rod_hooked",
      "conditions": {
        "item": {
          "items": [
            "minecraft:axolotl_bucket"
          ],
          "nbt": "{Variant:3}"
        }
      }
    },
    "catch_blue_axolotl": {
      "trigger": "minecraft:fishing_rod_hooked",
      "conditions": {
        "item": {
          "items": [
            "minecraft:axolotl_bucket"
          ],
          "nbt": "{Variant:4}"
        }
      }
    }
  },
  "requirements": [
    [
      "catch_leucistic_axolotl"
    ],
    [
      "catch_brown_axolotl"
    ],
    [
      "catch_gold_axolotl"
    ],
    [
      "catch_cyan_axolotl"
    ],
    [
      "catch_blue_axolotl"
    ]
  ],
  "rewards": {
    "experience": 10000
  }
}
