{
  "parent": "minecraft:recipes/root",
  "criteria": {
    "has_blaze_powder": {
      "trigger": "minecraft:inventory_changed",
      "conditions": {
        "items": [
          {
            "items": [
              "minecraft:blaze_powder"
            ]
          }
        ]
      }
    },
    "has_blaze_rod": {
      "trigger": "minecraft:inventory_changed",
      "conditions": {
        "items": [
          {
            "items": [
              "minecraft:blaze_rod"
            ]
          }
        ]
      }
    },
    "has_the_recipe": {
      "trigger": "minecraft:recipe_unlocked",
      "conditions": {
        "recipe": "homebrew:blaze_powder"
      }
    }
  },
  "requirements": [
    [
      "has_blaze_powder",
      "has_blaze_rod",
      "has_the_recipe"
    ]
  ],
  "rewards": {
    "recipes": [
      "homebrew:blaze_rod"
    ]
  }
}
