{
  "parent": "minecraft:recipes/root",
  "criteria": {
    "has_cobweb": {
      "trigger": "minecraft:inventory_changed",
      "conditions": {
        "items": [
          {
            "items": [
              "minecraft:cobweb"
            ]
          }
        ]
      }
    },
    "has_string": {
      "trigger": "minecraft:inventory_changed",
      "conditions": {
        "items": [
          {
            "items": [
              "minecraft:string"
            ]
          }
        ]
      }
    },
    "has_the_recipe": {
      "trigger": "minecraft:recipe_unlocked",
      "conditions": {
        "recipe": "homebrew:cobweb_from_string"
      }
    }
  },
  "requirements": [
    [
      "has_cobweb",
      "has_string",
      "has_the_recipe"
    ]
  ],
  "rewards": {
    "recipes": [
      "homebrew:cobweb_from_string"
    ]
  }
}
