{
  "parent": "minecraft:recipes/root",
  "criteria": {
    "has_ghast_tear": {
      "trigger": "minecraft:inventory_changed",
      "conditions": {
        "items": [
          {
            "items": [
              "minecraft:ghast_tear"
            ]
          }
        ]
      }
    },
    "has_the_recipe": {
      "trigger": "minecraft:recipe_unlocked",
      "conditions": {
        "recipe": "homebrew:crying_obsidian"
      }
    }
  },
  "requirements": [
    [
      "has_ghast_tear",
      "has_the_recipe"
    ]
  ],
  "rewards": {
    "recipes": [
      "homebrew:crying_obsidian"
    ]
  }
}
