{
  "parent": "minecraft:recipes/root",
  "criteria": {
    "has_item_frame": {
      "trigger": "minecraft:inventory_changed",
      "conditions": {
        "items": [
          {
            "items": [
              "minecraft:item_frame"
            ]
          }
        ]
      }
    },
    "has_glow_berries": {
      "trigger": "minecraft:inventory_changed",
      "conditions": {
        "items": [
          {
            "items": [
              "minecraft:glow_berries"
            ]
          }
        ]
      }
    },
    "has_the_recipe": {
      "trigger": "minecraft:recipe_unlocked",
      "conditions": {
        "recipe": "homebrew:glow_item_frame_from_glow_berries"
      }
    }
  },
  "requirements": [
    [
      "has_item_frame",
      "has_glow_berries",
      "has_the_recipe"
    ]
  ],
  "rewards": {
    "recipes": [
      "homebrew:glow_item_frame_from_glow_berries"
    ]
  }
}
