{
  "parent": "minecraft:recipes/root",
  "criteria": {
    "has_honeycomb": {
      "trigger": "minecraft:inventory_changed",
      "conditions": {
        "items": [
          {
            "items": [
              "minecraft:honeycomb"
            ]
          }
        ]
      }
    },
    "has_honeycomb_block": {
      "trigger": "minecraft:inventory_changed",
      "conditions": {
        "items": [
          {
            "items": [
              "minecraft:honeycomb_block"
            ]
          }
        ]
      }
    },
    "has_the_recipe": {
      "trigger": "minecraft:recipe_unlocked",
      "conditions": {
        "recipe": "homebrew:honeycomb"
      }
    }
  },
  "requirements": [
    [
      "has_honeycomb",
      "has_honeycomb_block",
      "has_the_recipe"
    ]
  ],
  "rewards": {
    "recipes": [
      "homebrew:honeycomb"
    ]
  }
}
