{
  "parent": "minecraft:recipes/root",
  "criteria": {
    "has_rotten_flesh": {
      "trigger": "minecraft:inventory_changed",
      "conditions": {
        "items": [
          {
            "items": [
              "minecraft:rotten_flesh"
            ]
          }
        ]
      }
    },
    "has_the_recipe": {
      "trigger": "minecraft:recipe_unlocked",
      "conditions": {
        "recipe": "homebrew:leather_from_smoking_rotten_flesh"
      }
    }
  },
  "requirements": [
    [
      "has_rotten_flesh",
      "has_the_recipe"
    ]
  ],
  "rewards": {
    "recipes": [
      "homebrew:leather_from_smoking_rotten_flesh"
    ]
  }
}
