{
  "parent": "minecraft:recipes/root",
  "criteria": {
    "has_leather_item": {
      "trigger": "minecraft:inventory_changed",
      "conditions": {
        "items": [
          {
            "tag": "homebrew:leather_items"
          }
        ]
      }
    }
    "has_the_recipe": {
      "trigger": "minecraft:recipe_unlocked",
      "conditions": {
        "recipe": "homebrew:leather_from_smoking_leather_items"
      }
    }
  },
  "requirements": [
    [
      "has_leather_item",
      "has_the_recipe"
    ]
  ],
  "rewards": {
    "recipes": [
      "homebrew:leather_from_smoking_leather_items"
    ]
  }
}
