{
  "parent": "minecraft:recipes/root",
  "criteria": {
    "has_amethyst_shard": {
      "trigger": "minecraft:inventory_changed",
      "conditions": {
        "items": [
          {
            "items": [
              "minecraft:amethyst_shard"
            ]
          }
        ]
      }
    },
    "has_the_recipe": {
      "trigger": "minecraft:recipe_unlocked",
      "conditions": {
        "recipe": "homebrew:purple_dye_from_amethyst_shard"
      }
    }
  },
  "requirements": [
    [
      "has_amethyst_shard",
      "has_the_recipe"
    ]
  ],
  "rewards": {
    "recipes": [
      "homebrew:purple_dye_from_amethyst_shard"
    ]
  }
}
