{
  "parent": "minecraft:recipes/root",
  "criteria": {
    "has_prismarine": {
      "trigger": "minecraft:inventory_changed",
      "conditions": {
        "items": [
          {
            "items": [
              "minecraft:prismarine"
            ]
          }
        ]
      }
    },
    "has_the_recipe": {
      "trigger": "minecraft:recipe_unlocked",
      "conditions": {
        "recipe": "homebrew:trident"
      }
    }
  },
  "requirements": [
    [
      "has_prismarine",
      "has_the_recipe"
    ]
  ],
  "rewards": {
    "recipes": [
      "homebrew:trident"
    ]
  }
}
