{
  "_fv": 8,
  "_type": "recipe",
  "definition": {
    "recipeType": "Crafting",
    "xpReward": 0.0,
    "cookingTime": 200,
    "recipeRetstackSize": 1,
    "group": "",
    "recipeShapeless": false,
    "recipeSlots": [
      {
        "value": "Blocks.ORANGE_GLAZED_TERRACOTTA"
      },
      {
        "value": "Items.WRITABLE_BOOK"
      },
      {
        "value": "Blocks.ORANGE_GLAZED_TERRACOTTA"
      },
      {
        "value": "Items.REDSTONE"
      },
      {
        "value": "Items.END_CRYSTAL"
      },
      {
        "value": "Items.REDSTONE"
      },
      {
        "value": "Blocks.ORANGE_GLAZED_TERRACOTTA"
      },
      {
        "value": "Blocks.REDSTONE_TORCH"
      },
      {
        "value": "Blocks.ORANGE_GLAZED_TERRACOTTA"
      }
    ],
    "recipeReturnStack": {
      "value": "Blocks.COMMAND_BLOCK"
    },
    "name": "command_block",
    "namespace": "mod"
  }
}