{
  "_fv": 8,
  "_type": "recipe",
  "definition": {
    "recipeType": "Crafting",
    "xpReward": 0.0,
    "cookingTime": 200,
    "recipeRetstackSize": 1,
    "group": "",
    "recipeShapeless": false,
    "recipeSlots": [
      {
        "value": "Items.GUNPOWDER"
      },
      {
        "value": "Items.GUNPOWDER"
      },
      {
        "value": "Items.GUNPOWDER"
      },
      {
        "value": "Items.GUNPOWDER"
      },
      {
        "value": "Items.EGG"
      },
      {
        "value": "Items.GUNPOWDER"
      },
      {
        "value": "Items.GUNPOWDER"
      },
      {
        "value": "Items.GUNPOWDER"
      },
      {
        "value": "Items.GUNPOWDER"
      }
    ],
    "recipeReturnStack": {
      "value": "Items.SPAWN_EGG#50"
    },
    "name": "creeper_egg",
    "namespace": "mod"
  }
}