{
  "_fv": 8,
  "_type": "recipe",
  "definition": {
    "recipeType": "Crafting",
    "xpReward": 0.0,
    "cookingTime": 200,
    "recipeRetstackSize": 1,
    "group": "",
    "recipeShapeless": false,
    "recipeSlots": [
      {
        "value": "Items.ENDER_PEARL"
      },
      {
        "value": "Blocks.END_STONE"
      },
      {
        "value": "Items.ENDER_PEARL"
      },
      {
        "value": "Blocks.END_STONE"
      },
      {
        "value": "Blocks.OBSIDIAN"
      },
      {
        "value": "Blocks.END_STONE"
      },
      {
        "value": "Items.ENDER_PEARL"
      },
      {
        "value": "Blocks.END_STONE"
      },
      {
        "value": "Items.ENDER_PEARL"
      }
    ],
    "recipeReturnStack": {
      "value": "Blocks.END_PORTAL_FRAME"
    },
    "name": "end_portal_frame",
    "namespace": "mod"
  }
}