{
  "_fv": 8,
  "_type": "function",
  "definition": {
    "code": "# Okay...  Let's give this a try\nexecute as @e[type=arrow,nbt={Color:14364442,},tag=!tnt_arrow] run data merge entity @s {crit:0b,damage:0d,pickup:0b,PierceLevel:100b,Tags:[\"tnt_arrow\",\"fire_arrow\"]}\n\nexecute as @e[type=arrow,nbt={life:1s,Fire:-1s,Tags:[\"fire_arrow\"]}] run tag @s remove fire_arrow\n\nexecute at @e[type=arrow,nbt={inGround:1b,Tags:[\"tnt_arrow\"]}] run particle smoke ~ ~1 ~ .1 .6 .1 0.025 2 force\n\nexecute at @e[type=arrow,nbt={life:0s,inGround:1b,Tags:[\"tnt_arrow\"]}] run playsound entity.creeper.primed hostile @a ~ ~ ~\n\nexecute at @e[type=arrow,nbt={life:1s,Tags:[\"tnt_arrow\",\"fire_arrow\"]}] run summon tnt ~ ~ ~ {NoGravity:1b}\n\nexecute as @e[type=arrow,nbt={life:1s,Tags:[\"tnt_arrow\",\"fire_arrow\"]}] run kill @s\n\nexecute at @e[type=arrow,nbt={life:40s,Tags:[\"tnt_arrow\"]}] run summon tnt ~ ~ ~ {NoGravity:1b}\n\nexecute as @e[type=arrow,nbt={life:40s,Tags:[\"tnt_arrow\"]}] run kill @s",
    "name": "explosivearrows",
    "namespace": "mod"
  }
}