{
  "parent": "minecraft:recipes/root",
  "criteria": {
    "has_nether_wart_block": {
      "trigger": "minecraft:inventory_changed",
      "conditions": {
        "items": [
          {
            "items": [
              "minecraft:nether_wart_block"
            ]
          }
        ]
      }
    },
    "has_warped_wart_block": {
      "trigger": "minecraft:inventory_changed",
      "conditions": {
        "items": [
          {
            "items": [
              "minecraft:warped_wart_block"
            ]
          }
        ]
      }
    },
    "has_the_recipe": {
      "trigger": "minecraft:recipe_unlocked",
      "conditions": {
        "recipe": "homebrew:shroomlight"
      }
    }
  },
  "requirements": [
    [
      "has_nether_wart_block",
      "has_warped_wart_block",
      "has_the_recipe"
    ]
  ],
  "rewards": {
    "recipes": [
      "homebrew:shroomlight"
    ]
  }
}
