{
  "parent": "minecraft:recipes/root",
  "criteria": {
    "has_mossy_cobblestone": {
      "trigger": "minecraft:inventory_changed",
      "conditions": {
        "items": [
          {
            "items": [
              "minecraft:mossy_cobblestone"
            ]
          }
        ]
      }
    },
    "has_mossy_stone_bricks": {
      "trigger": "minecraft:inventory_changed",
      "conditions": {
        "items": [
          {
            "items": [
              "minecraft:mossy_stone_bricks"
            ]
          }
        ]
      }
    },
    "has_the_recipe": {
      "trigger": "minecraft:recipe_unlocked",
      "conditions": {
        "recipe": "homebrew:stone_bricks_from_smelting_mossy_stone_bricks"
      }
    }
  },
  "requirements": [
    [
      "has_mossy_cobblestone",
      "has_mossy_stone_bricks",
      "has_the_recipe"
    ]
  ],
  "rewards": {
    "recipes": [
      "homebrew:stone_bricks_from_smelting_mossy_stone_bricks"
    ]
  }
}
