{
  "type": "minecraft:fishing",
  "pools": [
    {
      "rolls": 1.0,
      "bonus_rolls": 0.0,
      "entries": [
        {
          "type": "minecraft:item",
          "weight": 10,
          "name": "minecraft:ink_sac",
          "functions": [
            {
              "function": "minecraft:set_count",
              "count": {
                "type": "minecraft:uniform",
                "min": 1.0,
                "max": 10.0
              },
              "add": false
            }
          ],
          "conditions": [
            {
              "condition": "minecraft:weather_check",
              "thundering": false
            }
          ]
        },
        {
          "type": "minecraft:item",
          "weight": 10,
          "name": "minecraft:glow_ink_sac",
          "functions": [
            {
              "function": "minecraft:set_count",
              "count": {
                "type": "minecraft:uniform",
                "min": 1.0,
                "max": 10.0
              },
              "add": false
            }
          ],
          "conditions": [
            {
              "condition": "minecraft:weather_check",
              "thundering": true
            }
          ]
        },
        {
          "type": "minecraft:item",
          "weight": 5,
          "functions": [
            {
              "function": "minecraft:set_damage",
              "damage": {
                "type": "minecraft:uniform",
                "min": 0.0,
                "max": 0.9
              },
              "add": false
            }
          ],
          "name": "minecraft:leather_boots"
        },
        {
          "type": "minecraft:item",
          "weight": 20,
          "name": "minecraft:bone"
        },
        {
          "type": "minecraft:item",
          "weight": 5,
          "functions": [
            {
              "function": "minecraft:set_nbt",
              "tag": "{Potion:\"minecraft:water\"}"
            }
          ],
          "name": "minecraft:potion"
        },
        {
          "type": "minecraft:item",
          "weight": 10,
          "name": "minecraft:string"
        },
        {
          "type": "minecraft:item",
          "weight": 5,
          "functions": [
            {
              "function": "minecraft:set_damage",
              "damage": {
                "type": "minecraft:uniform",
                "min": 0.0,
                "max": 0.9
              },
              "add": false
            }
          ],
          "name": "minecraft:fishing_rod"
        },
        {
          "type": "minecraft:item",
          "weight": 10,
          "name": "minecraft:bowl"
        },
        {
          "type": "minecraft:item",
          "weight": 20,
          "name": "minecraft:rotten_flesh"
        },,
        {
          "type": "minecraft:item",
          "conditions": [
            {
              "condition": "minecraft:alternative",
              "terms": [
                {
                  "condition": "minecraft:inverted",
                  "term": {
                    "condition": "minecraft:location_check",
                    "predicate": {
                      "biome": "minecraft:jungle"
                    }
                  }
                },
                {
                  "condition": "minecraft:inverted",
                  "term": {
                    "condition": "minecraft:location_check",
                    "predicate": {
                      "biome": "minecraft:jungle_hills"
                    }
                  }
                },
                {
                  "condition": "minecraft:inverted",
                  "term": {
                    "condition": "minecraft:location_check",
                    "predicate": {
                      "biome": "minecraft:jungle_edge"
                    }
                  }
                },
                {
                  "condition": "minecraft:inverted",
                  "term": {
                    "condition": "minecraft:location_check",
                    "predicate": {
                      "biome": "minecraft:bamboo_jungle"
                    }
                  }
                },
                {
                  "condition": "minecraft:inverted",
                  "term": {
                    "condition": "minecraft:location_check",
                    "predicate": {
                      "biome": "minecraft:modified_jungle"
                    }
                  }
                },
                {
                  "condition": "minecraft:inverted",
                  "term": {
                    "condition": "minecraft:location_check",
                    "predicate": {
                      "biome": "minecraft:modified_jungle_edge"
                    }
                  }
                },
                {
                  "condition": "minecraft:inverted",
                  "term": {
                    "condition": "minecraft:location_check",
                    "predicate": {
                      "biome": "minecraft:bamboo_jungle_hills"
                    }
                  }
                }
              ]
            }
          ],
          "weight": 15,
          "name": "minecraft:stick"
        },
        {
          "type": "minecraft:item",
          "conditions": [
            {
              "condition": "minecraft:alternative",
              "terms": [
                {
                  "condition": "minecraft:location_check",
                  "predicate": {
                    "biome": "minecraft:jungle"
                  }
                },
                {
                  "condition": "minecraft:location_check",
                  "predicate": {
                    "biome": "minecraft:jungle_hills"
                  }
                },
                {
                  "condition": "minecraft:location_check",
                  "predicate": {
                    "biome": "minecraft:jungle_edge"
                  }
                },
                {
                  "condition": "minecraft:location_check",
                  "predicate": {
                    "biome": "minecraft:bamboo_jungle"
                  }
                },
                {
                  "condition": "minecraft:location_check",
                  "predicate": {
                    "biome": "minecraft:modified_jungle"
                  }
                },
                {
                  "condition": "minecraft:location_check",
                  "predicate": {
                    "biome": "minecraft:modified_jungle_edge"
                  }
                },
                {
                  "condition": "minecraft:location_check",
                  "predicate": {
                    "biome": "minecraft:bamboo_jungle_hills"
                  }
                }
              ]
            }
          ],
          "weight": 15,
          "name": "minecraft:bamboo"
        }
      ]
    }
  ]
}