{
  "type": "minecraft:smelting",
  "ingredient": [
    {
      "item": "minecraft:ancient_debris"
    },
    {
      "item": "minecraft:netherite_pickaxe"
    },
    {
      "item": "minecraft:netherite_shovel"
    },
    {
      "item": "minecraft:netherite_axe"
    },
    {
      "item": "minecraft:netherite_hoe"
    },
    {
      "item": "minecraft:netherite_sword"
    },
    {
      "item": "minecraft:netherite_helmet"
    },
    {
      "item": "minecraft:netherite_chestplate"
    },
    {
      "item": "minecraft:netherite_leggings"
    },
    {
      "item": "minecraft:netherite_boots"
    }
  ],
  "result": "minecraft:netherite_scrap",
  "experience": 4.0,
  "cookingtime": 400
}