{
  "type": "minecraft:entity",
  "pools": [
    {
      "rolls": 1.0,
      "bonus_rolls": 0.0,
      "entries": [
        {
          "type": "minecraft:item",
          "name": "minecraft:red_mushroom_block"
        }
      ],
      "conditions": [
        {
          "condition": "minecraft:entity_properties",
          "predicate": {
            "nbt": "{Type:\"red\"}"
          },
          "entity": "this"
        }
      ]
    },
    {
      "rolls": 1.0,
      "bonus_rolls": 0.0,
      "entries": [
        {
          "type": "minecraft:item",
          "name": "minecraft:brown_mushroom_block"
        }
      ],
      "conditions": [
        {
          "condition": "minecraft:entity_properties",
          "predicate": {
            "nbt": "{Type:\"brown\"}"
          },
          "entity": "this"
        }
      ]
    },
    {
      "rolls": 1.0,
      "bonus_rolls": 0.0,
      "entries": [
        {
          "type": "minecraft:loot_table",
          "name": "minecraft:entities/cow"
        }
      ]
    }
  ]
}